Workbook
Name accesslist: 'AUG2022 FED'!$B$14:$R$97
Name in_week: IF(AND(today>='AUG2022 FED'!$B1,today<'AUG2022 FED'!$B2),TRUE,FALSE)
Name today: TODAY()
Name weeks: 'AUG2022 FED'!$B$17:$B$100

Sheet AUG2022 FED
A1: Course Start | G1: Legend
A2: Course Assignment | F2: AUTUMN SEMESTER | H2: Start Course
A3: Intake (Introduction) week | F3: SPRING SEMESTER | H3: Assessments
D4: FED Access list (Year 1 and Year 2) | W4: Total Students | Z4: =SUM(H10:L10)+SUM(R10:AH10)+N10+P10 -> 240
A5: S19 Study plan
A6: S21 Study plan
A7: S23 Study plan | C7: New Teams Classes (already on ✔︎) | E7: ✔︎ | G7: ✔︎ | H7: ✔︎ | I7: ✔︎ | L7: ✔︎ | N7: ✔︎ | O7: ✔︎ | P7: ✔︎ | Q7: ✔︎ | R7: ✔︎ | S7: ✔︎ | T7: ✔︎ | U7: ✔︎ | W7: ✔︎ | X7: ✔︎ | Y7: ✔︎ | Z7: ✔︎ | AA7: ✔︎ | AB7: ✔︎ | AC7: ✔︎ | AD7: ✔︎ | AE7: ✔︎ | AF7: ✔︎ | AG7: ✔︎ | AH7: ✔︎ | AI7: ✔︎ | AJ7: ✔︎ | AK7: ✔︎ | AL7: ✔︎
A8: S24 Study plan | C8: Open class / CA | Q8: X | S8: X | Y8: X | Z8: X | AA8: X | AB8: X | AC8: X | AD8: X
E9: 2021 CLASSES | I9: 2022 CLASSES | M9: 2023 CLASSES | U9: 2024 CLASSES | AC9: 2025 CLASSES | AK9: 2026 CLASSES
C10: Student numbers | E10: 0 | F10: 0 | G10: 0 | H10: 4 | I10: 4 | J10: 6 | K10: 10 | L10: 13 | M10: 0 | N10: 8 | O10: 0 | P10: 7 | Q10: 0 | R10: 14 | S10: 0 | T10: 2 | U10: 17 | V10: 7 | W10: 12 | X10: 2 | Y10: 39 | Z10: 11 | AA10: 5 | AB10: 4 | AC10: 18 | AD10: 4 | AE10: 16 | AF10: 5 | AG10: 26 | AH10: 6 | AI10: 7 | AJ10: 6 | AK10: 12 | AL10: 3 | AM10: 6 | AN10: 3
C11: Study plan | D11: S19 | E11: S19 | F11: S19 | G11: S21 | H11: S21 | I11: S21 | J11: S21 | K11: S21 | L11: S21 | M11: S21 | N11: S21 | O11: S21 | P11: S21 | Q11: S24 | R11: S23 | S11: S24 | T11: S24 | U11: S24 | V11: S24 | W11: S23 | X11: S23 | Y11: S24 | Z11: S24 | AA11: S24 | AB11: S24 | AC11: S24 | AD11: S24 | AE11: S25 | AF11: S24 | AG11: S25 | AH11: S25 | AI11: S25 | AJ11: S25 | AK11: S25 | AL11: S25 | AM11: S25 | AN11: S25 | AO11: S25 | AP11: S25 | AQ11: S25 | AR11: S25
C12: LMS | D12: Moodle | E12: Moodle | F12: Moodle | G12: Moodle | H12: Moodle | I12: Moodle | J12: New Moodle | K12: New Moodle | L12: New Moodle | M12: Moodle | N12: New Moodle | O12: Moodle | P12: New Moodle | Q12: Moodle | R12: New Moodle | S12: Moodle | T12: New Moodle | U12: Moodle | V12: New Moodle | W12: New Moodle | X12: New Moodle | Y12: New Moodle | Z12: New Moodle | AA12: New Moodle | AB12: New Moodle | AC12: New Moodle | AD12: New Moodle | AE12: New Moodle | AF12: New Moodle | AG12: New Moodle | AH12: New Moodle | AI12: New Moodle | AJ12: New Moodle | AK12: New Moodle | AL12: New Moodle | AM12: New Moodle | AN12: New Moodle | AO12: New Moodle | AP12: New Moodle | AQ12: New Moodle | AR12: New Moodle
J13: 2021-2023 version | K13: 2021-2023 version | L13: 2021-2023 version | N13: 2021-2023 version | P13: 2021-2023 version
B14: INTAKE CLASS | D14: Oct20PT | E14: JAN21PT | F14: MAR21PT | G14: AUG21PT | H14: OCT21PT | I14: JAN22PT | J14: MAR22PT | K14: AUG22PT | L14: OCT22PT | M14: JAN23FT | N14: JAN23PT | O14: MAR23FT | P14: MAR23PT | Q14: AUG23FT | R14: AUG23PT | S14: OCT23FT | T14: OCT23PT | U14: JAN24FT | V14: JAN24PT | W14: MAR24FT | X14: MAR24PT | Y14: AUG24FT | Z14: AUG24PT | AA14: OCT24FT | AB14: OCT24PT | AC14: JAN25FT | AD14: JAN25PT | AE14: MAR25FT | AF14: MAR25PT | AG14: AUG25FT | AH14: AUG25PT | AI14: OCT25FT | AJ14: OCT25PT | AK14: JAN26FT | AL14: JAN26PT | AM14: MAR26FT | AN14: MAR26PT | AO14: AUG26FT | AP14: AUG26PT | AQ14: OCT26FT | AR14: OCT26PT
C15: Link To Moodle Year 2 | E15: JAN23PT | F15: JAN23PT | G15: AUG23PT | H15: OCT23PT | I15: JAN24PT | J15: MAR24PT | K15: AUG24PT | L15: OCT24PT | M15: JAN24FT | N15: JAN25PT | O15: MAR24FT | P15: MAR25PT | Q15: AUG23FT | R15: AUG23PT | S15: Oct23FT | T15: OCT23PT | U15: JAN24FT | V15: JAN24PT | W15: MAR24FT | X15: MAR24PT | Y15: AUG24FT | Z15: AUG24PT | AA15: Oct24FT | AB15: Oct24PT | AC15: Jan25FT | AD15: Jan25PT | AE15: Mar25FT | AF15: Mar25PT | AG15: AUG25FT | AH15: AUG25PT | AI15: OCT25FT | AJ15: OCT25PT | AK15: JAN26FT | AL15: JAN26PT | AM15: MAR26FT | AN15: MAR26PT
B16: Week Start | C16: Calendar Week
A17: August Start | B17: 45516 | C17: Week 33 | D17: 35. PE2 | E17: 31. PE2 | F17: 26. JSF | G17: 21. DVP | H17: 16. SP2 | I17: 11. WFL | J17: 6. JS2 | K17: 0.INTRO | L17: 35. PE2 | M17: 22. DVP | N17: 31. CMS | O17: 12. WFL | P17: 26. INDES | Q17: 0.INTRO | R17: 20. JS1 | S17: 31.AGC1 | T17: 15. SP1 | U17: 22. JS1 | V17: 11. HTML | W17: 12. PME | X17: 6. HTML | Y17: 0.INTRO | Z17: 0.INTRO
B18: =B17+7 -> 45523 | C18: Week 34 | D18: 35. PE2 | E18: 31. PE2 | F18: 27. JSF | G18: 21. DVP | H18: 16. SP2 | I18: 12. WFL | J18: 7. JS2 | K18: 0.INTRO | L18: 35. PE2 | M18: 23. DVP | N18: 31. CMS | O18: 13. SP2 | P18: 26. INDES | Q18: 1.JS2 | R18: 20. JS1 | S18: 32.PE1 | T18: 16. SP1 | U18: 23. JS1 | V18: 11. HTML | W18: 13. PME | X18: 6. HTML | Y18: 1.DES | Z18: 0.INTRO
B19: =B18+7 -> 45530 | C19: Week 35 | D19: 36. PE2 | E19: 32. PE2 | F19: 27. JSF | G19: 22. DVP | H19: 17. SP2 | I19: 12. WFL | J19: 7. JS2 | K19: 1. CSS | L19: 36. PE2 | M19: 24. DVP | N19: 32. CMS | O19: 14. SP2 | P19: 27. INDES | Q19: 2.JS2 | R19: 21. JS1 | S19: 33.PE1 | T19: 16. SP1 | U19: 24. JS1 | V19: 12. PME | W19: 14. SP1 | X19: 7. HTML | Y19: 2.DES | Z19: 1.DES
B20: =B19+7 -> 45537 | C20: Week 36 | D20: 36. PE2 | E20: 32. PE2 | F20: 28. JSF | G20: 22. DVP | H20: 17. SP2 | I20: 13. SP2 | J20: 8. JS2 | K20: 1. CSS | L20: 36. PE2 | M20: 25. JSF | N20: 32. CMS | O20: 15. SP2 | P20: 27. INDES | Q20: 3.JS2 | R20: 21. JS1 | S20: 34.PE1 | T20: 17. SP1 | U20: 25. JS1 | V20: 12. PME | W20: 15. SP1 | X20: 7. HTML | Y20: 3.DES | Z20: 1.DES
B21: =B20+7 -> 45544 | C21: Week 37 | D21: 37. PE2 | E21: 33. PE2 | F21: 28. JSF | G21: 23. DVP | H21: 18. IND | I21: 13. SP2 | J21: 8. JS2 | K21: 2. CSS | L21: 37. PE2 | M21: 26. JSF | N21: 33. PE1 | O21: 16. SP2 | P21: 28. INDES | Q21: 4.JS2 | R21: 22. JS1 | S21: 35.PE1 | T21: 17. SP1 | U21: 26. AGC1 | V21: 13. PME | W21: 16. SP1 | X21: 8. HTML | Y21: 4.DES | Z21: 2.DES
B22: =B21+7 -> 45551 | C22: Week 38 | D22: 37. PE2 | E22: 33. PE2 | F22: 29. JSF | G22: 23. DVP | H22: 18. IND | I22: 14. SP2 | J22: 9. WFL | K22: 2. CSS | L22: 37. PE2 | M22: 27. JSF | N22: 33. PE1 | O22: 17. SP2 | P22: 28. INDES | Q22: 5.JS2 | R22: 22. JS1 | S22: 36.PE1 | T22: 18. JS1 | U22: 27. AGC1 | V22: 13. PME | W22: 17. SP1 | X22: 8. HTML | Y22: 5.DES | Z22: 2.DES
B23: =B22+7 -> 45558 | C23: Week 39 | D23: 38. POR2 | E23: 34. PE2 | F23: 29. JSF | G23: 24. DVP | H23: 19. IND | I23: 14. SP2 | J23: 9. WFL | K23: 3. JS2 | L23: 38. POR2 | M23: 28. JSF | N23: 34. PE1 | O23: 18. IND | P23: 29. INDES | Q23: 6.JS2 | R23: 23. JS1 | S23: 37.PE1 | T23: 18. JS1 | U23: 28. AGC1 | V23: 14. SP1 | W23: 18. JS1 | X23: 9. HTML | Y23: 6.HTML | Z23: 3.DES
B24: =B23+7 -> 45565 | C24: Week 40 | D24: 38. POR2 | E24: 34. PE2 | F24: 30. JSF | G24: 24. DVP | H24: 19. IND | I24: 15. SP2 | J24: 10. WFL | K24: 3. JS2 | L24: 38. POR2 | M24: 29. JSF | N24: 34. PE1 | O24: 19. IND | P24: 29. INDES | Q24: 7.WFL | R24: 23. JS1 | S24: 38.POR1 | T24: 19. JS1 | U24: 29. AGC1 | V24: 14. SP1 | W24: 19. JS1 | X24: 9. HTML | Y24: 7.HTML | Z24: 3.DES
B25: =B24+7 -> 45572 | C25: Week 41 | D25: 39. POR2 | E25: 35. PE2 | F25: 30. JSF | G25: 25. JSF | H25: 20. IND | I25: 15. SP2 | J25: 10. WFL | K25: 4. JS2 | L25: 39. POR2 | M25: 30. JSF | N25: 35. PE1 | O25: 20. IND | P25: 30. CMS | Q25: 8.WFL | R25: 24. JS1 | S25: 39.POR1 | T25: 19. JS1 | U25: 30. AGC1 | V25: 15. SP1 | W25: 20. JS1 | X25: 10. HTML | Y25: 8.HTML | Z25: 4.DES
A26: October Start | B26: =B25+7 -> 45579 | C26: Week 42 | D26: 39. POR2 | E26: 35. PE2 | F26: 31. PE2 | G26: 25. JSF | H26: 20. IND | I26: 16. SP2 | J26: 11. WFL | K26: 4. JS2 | L26: 39. POR2 / 0.INTRO | M26: 31. PE2 | N26: 35. PE1 | O26: 21. DVP | P26: 30. CMS | Q26: 9.WFL | R26: 24. JS1 | S26: 0.INTRO | T26: 20. JS1 | U26: 31. AGC1 | V26: 15. SP1 | W26: 21. JS1 | X26: 10. HTML | Y26: 9.HTML | Z26: 4.DES | AA26: 0.INTRO | AB26: 0.INTRO
B27: =B26+7 -> 45586 | C27: Week 43 | E27: 36. PE2 | F27: 31. PE2 | G27: 26. JSF | H27: 21. DVP | I27: 16. SP2 | J27: 11. WFL | K27: 5. JS2 | L27: 0.INTRO | M27: 32. PE2 | N27: 36. PE1 | O27: 22. DVP | P27: 31. CMS | Q27: 10.CSS | R27: 25. JS1 | S27: 1. JS2 | T27: 20. JS1 | U27: 32. PE1 | V27: 16. SP1 | W27: 22. JS1 | X27: 11. HTML | Y27: 10.HTML | Z27: 5.DES | AA27: 1.DES | AB27: 0.INTRO
B28: =B27+7 -> 45593 | C28: Week 44 | E28: 36. PE2 | F28: 32. PE2 | G28: 26. JSF | H28: 21. DVP | I28: 17. SP2 | J28: 12. WFL | K28: 5. JS2 | L28: 1. CSS | M28: 33. PE2 | N28: 36. PE1 | O28: 23. DVP | P28: 31. CMS | Q28: 11.CSS | R28: 25. JS1 | S28: 2. JS2 | T28: 21. JS1 | U28: 33. PE1 | V28: 16. SP1 | W28: 23. JS1 | X28: 11. HTML | Y28: 11.HTML | Z28: 5.DES | AA28: 2.DES | AB28: 1.DES
B29: =B28+7 -> 45600 | C29: Week 45 | E29: 37. PE2 | F29: 32. PE2 | G29: 27. JSF | H29: 22. DVP | I29: 17. SP2 | J29: 12. WFL | K29: 6. JS2 | L29: 1. CSS | M29: 34. PE2 | N29: 37. PE1 | O29: 24. DVP | P29: 32. CMS | Q29: 12.CSS | R29: 26. AGC1 | S29: 3. JS2 | T29: 21. JS1 | U29: 34. PE1 | V29: 17. SP1 | W29: 24. JS1 | X29: 12. PME | Y29: 12.PME | Z29: 6.HTML | AA29: 3.DES | AB29: 1.DES
B30: =B29+7 -> 45607 | C30: Week 46 | E30: 37. PE2 | F30: 33. PE2 | G30: 27. JSF | H30: 22. DVP | I30: 18. IND | J30: 13. SP2 | K30: 6. JS2 | L30: 2. CSS | M30: 35. PE2 | N30: 37. PE1 | O30: 25. JSF | P30: 32. CMS | Q30: 13.SP2 | R30: 26. AGC1 | S30: 4. JS2 | T30: 22. JS1 | U30: 35. PE1 | V30: 17. SP1 | W30: 25. JS1 | X30: 12. PME | Y30: 13.PME | Z30: 6.HTML | AA30: 4.DES | AB30: 2.DES
B31: =B30+7 -> 45614 | C31: Week 47 | E31: 38. POR2 | F31: 33. PE2 | G31: 28. JSF | H31: 23. DVP | I31: 18. IND | J31: 13. SP2 | K31: 7. JS2 | L31: 2. CSS | M31: 36. PE2 | N31: 38. POR1 | O31: 26. JSF | P31: 33. PE1 | Q31: 14.SP2 | R31: 27. AGC1 | S31: 5. JS2 | T31: 22. JS1 | U31: 36. PE1 | V31: 18. JS1 | W31: 26. AGC1 | X31: 13. PME | Y31: 14.SP1 | Z31: 7.HTML | AA31: 5.DES | AB31: 2.DES
B32: =B31+7 -> 45621 | C32: Week 48 | E32: 38. POR2 | F32: 34. PE2 | G32: 28. JSF | H32: 23. DVP | I32: 19. IND | J32: 14. SP2 | K32: 7. JS2 | L32: 3. JS2 | M32: 37. PE2 | N32: 38. POR1 | O32: 27. JSF | P32: 33. PE1 | Q32: 15.SP2 | R32: 27. AGC1 | S32: 6. JS2 | T32: 23. JS1 | U32: 37. PE1 | V32: 18. JS1 | W32: 27. AGC1 | X32: 13. PME | Y32: 15.SP1 | Z32: 7.HTML | AA32: 6.HTML | AB32: 3.DES
B33: =B32+7 -> 45628 | C33: Week 49 | E33: 39. POR2 | F33: 34. PE2 | G33: 29. JSF | H33: 24. DVP | I33: 19. IND | J33: 14. SP2 | K33: 8. JS2 | L33: 3. JS2 | M33: 38. POR2 | N33: 39. POR1 | O33: 28. JSF | P33: 34. PE1 | Q33: 16.SP2 | R33: 28. AGC1 | S33: 7. WFL | T33: 23. JS1 | U33: 38. POR1 | V33: 19. JS1 | W33: 28. AGC1 | X33: 14. SP1 | Y33: 16.SP1 | Z33: 8.HTML | AA33: 7.HTML | AB33: 3.DES
B34: =B33+7 -> 45635 | C34: Week 50 | E34: 39. POR2 | F34: 35. PE2 | G34: 29. JSF | H34: 24. DVP | I34: 19. IND | J34: 15. SP2 | K34: 8. JS2 | L34: 4. JS2 | M34: 39. POR2 | N34: 39. POR1 | O34: 29. JSF | P34: 34. PE1 | Q34: 17.SP2 | R34: 28. AGC1 | S34: 8. WFL | T34: 24. JS1 | U34: 39. POR1 | V34: 19. JS1 | W34: 29. AGC1 | X34: 14. SP1 | Y34: 17.SP1 | Z34: 8.HTML | AA34: 8.HTML | AB34: 4.DES
B35: =B34+7 -> 45642 | C35: Week 51 | F35: 35. PE2 | G35: 30. JSF | H35: 25. JSF | I35: 20. IND | J35: 15. SP2 | K35: 9. WFL | L35: 4. JS2 | O35: 30. JSF | P35: 35. PE1 | Q35: 18.DVP | R35: 29. AGC1 | S35: 9. WFL | T35: 24. JS1 | V35: 20. JS1 | W35: 30. AGC1 | X35: 15. SP1 | Y35: 18.JS1 | Z35: 9.HTML | AA35: 9.HTML | AB35: 4.DES
A36: Christmas | B36: 45649 | C36: Week 52
B37: 45656 | C37: Week 1
A38: January Start | B38: 45663 | C38: Week 2 | F38: 36. PE2 | G38: 30. JSF | H38: 25. JSF | I38: 20. IND | J38: 16. SP2 | K38: 9. WFL | L38: 5. JS2 | N38: 0. INTRO | O38: 31. PE2 | P38: 35. PE1 | Q38: 19.DVP | R38: 29. AGC1 | S38: 10. CSS | T38: 25. JS1 | U38: 0. INTRO | V38: 20. JS1 | W38: 31. AGC1 | X38: 15. SP1 | Y38: 19.JS1 | Z38: 9.HTML | AA38: 10.HTML | AB38: 5.DES | AC38: 0.INTRO | AD38: 0.INTRO
B39: 45670 | C39: Week 3 | F39: 36. PE2 | G39: 31. PE2 | H39: 26. JSF | I39: 21. DVP | J39: 16. SP2 | K39: 10. WFL | L39: 5. JS2 | N39: 0. INTRO | O39: 32. PE2 | P39: 36. PE1 | Q39: 20.DVP | R39: 30. AGC1 | S39: 11. CSS | T39: 25. JS1 | U39: 1. JS2 | V39: 21. JS1 | W39: 32. PE1 | X39: 16. SP1 | Y39: 20.JS1 | Z39: 10.HTML | AA39: 11.HTML | AB39: 5.DES | AC39: 1.DES | AD39: 0.INTRO
B40: =B39+7 -> 45677 | C40: Week 4 | F40: 37. PE2 | G40: 31. PE2 | H40: 26. JSF | I40: 21. DVP | J40: 17. SP2 | K40: 10. WFL | L40: 6. JS2 | N40: 1. CSS | O40: 33. PE2 | P40: 36. PE1 | Q40: 21.DVP | R40: 30. AGC1 | S40: 12. CSS | T40: 26. JS1 | U40: 2. JS2 | V40: 21. JS1 | W40: 33. PE1 | X40: 16. SP1 | Y40: 21.JS1 | Z40: 10.HTML | AA40: 12.PME | AB40: 6.HTML | AC40: 2.DES | AD40: 1.DES
B41: =B40+7 -> 45684 | C41: Week 5 | F41: 37. PE2 | G41: 32. PE2 | H41: 27. JSF | I41: 22. DVP | J41: 17. SP2 | K41: 11. WFL | L41: 6. JS2 | N41: 1. CSS | O41: 34. PE2 | P41: 37. PE1 | Q41: 22.JSF | R41: 31. AGC1 | S41: 13. SP2 | T41: 26. JS1 | U41: 3. JS2 | V41: 22. JS1 | W41: 34. PE1 | X41: 17. SP1 | Y41: 22.JS1 | Z41: 11.HTML | AA41: 13.PME | AB41: 6.HTML | AC41: 3.DES | AD41: 1.DES
B42: =B41+7 -> 45691 | C42: Week 6 | F42: 38. POR2 | G42: 32. PE2 | H42: 27. JSF | I42: 22. DVP | J42: 18. IND | K42: 11. WFL | L42: 7. JS2 | N42: 2. CSS | O42: 35. PE2 | P42: 37. PE1 | Q42: 23.JSF | R42: 31. AGC1 | S42: 14. SP2 | T42: 27. AGC1 | U42: 4. JS2 | V42: 22. JS1 | W42: 35. PE1 | X42: 17. SP1 | Y42: 23.JS1 | Z42: 11.HTML | AA42: 14.SP1 | AB42: 7.HTML | AC42: 4.DES | AD42: 2.DES
B43: =B42+7 -> 45698 | C43: Week 7 | F43: 38. POR2 | G43: 33. PE2 | H43: 28. JSF | I43: 23. DVP | J43: 18. IND | K43: 12. WFL | L43: 7. JS2 | N43: 2. CSS | O43: 36. PE2 | P43: 38. POR1 | Q43: 24.JSF | R43: 32. PE1 | S43: 15. SP2 | T43: 27. AGC1 | U43: 5. JS2 | V43: 23. JS1 | W43: 36. PE1 | X43: 18. JS1 | Y43: 24.JS1 | Z43: 12.PME | AA43: 15.SP1 | AB43: 7.HTML | AC43: 5.DES | AD43: 2.DES
B44: =B43+7 -> 45705 | C44: Week 8 | F44: 39. POR2 | G44: 33. PE2 | H44: 28. JSF | I44: 23. DVP | J44: 19. IND | K44: 12. WFL | L44: 8. JS2 | N44: 3. JS2 | O44: 37. PE2 | P44: 38. POR1 | Q44: 25.JSF | R44: 32. PE1 | S44: 16. SP2 | T44: 28. AGC1 | U44: 6. JS2 | V44: 23. JS1 | W44: 37. PE1 | X44: 18. JS1 | Y44: 25.JS1 | Z44: 12.PME | AA44: 16.SP1 | AB44: 8.HTML | AC44: 6.HTML | AD44: 3.DES
B45: =B44+7 -> 45712 | C45: Week 9 | F45: 39. POR2 | G45: 34. PE2 | H45: 29. JSF | I45: 24. DVP | J45: 19. IND | K45: 13. SP2 | L45: 8. JS2 | N45: 3. JS2 | O45: 38. POR2 | P45: 39. POR1 | Q45: 26.JSF | R45: 33. PE1 | S45: 17. SP2 | T45: 28. AGC1 | U45: 7. WFL | V45: 24. JS1 | W45: 38. POR1 | X45: 19. JS1 | Y45: 26.AGC1 | Z45: 13.PME | AA45: 17.SP1 | AB45: 8.HTML | AC45: 7.HTML | AD45: 3.DES
B46: =B45+7 -> 45719 | C46: Week 10 | G46: 34. PE2 | H46: 29. JSF | I46: 24. DVP | J46: 20. IND | K46: 13. SP2 | L46: 9. WFL | N46: 4. JS2 | O46: 39. POR2 | P46: 39. POR1 | Q46: 27.JSF | R46: 33. PE1 | S46: 18. DVP | T46: 29. AGC1 | U46: 8. WFL | V46: 24. JS1 | W46: 39. POR1 | X46: 19. JS1 | Y46: 27.AGC1 | Z46: 13.PME | AA46: 18.JS1 | AB46: 9.HTML | AC46: 8.HTML | AD46: 4.DES
A47: March Start | B47: =B46+7 -> 45726 | C47: Week 11 | G47: 35. PE2 | H47: 30. JSF | I47: 25. JSF | J47: 20. IND | K47: 14. SP2 | L47: 9. WFL | N47: 4. JS2 | P47: 0. INTRO | Q47: 28.AGC2 | R47: 34. PE1 | S47: 19. DVP | T47: 29. AGC1 | U47: 9. WFL | V47: 25. JS1 | W47: 0. INTRO | X47: 20. JS1 | Y47: 28.AGC1 | Z47: 14.SP1 | AA47: 19.JS1 | AB47: 9.HTML | AC47: 9.HTML | AD47: 4.DES | AE47: 0.INTRO | AF47: 0.INTRO
B48: =B47+7 -> 45733 | C48: Week 12 | G48: 35. PE2 | H48: 30. JSF | I48: 25. JSF | J48: 21. DVP | K48: 14. SP2 | L48: 10. WFL | N48: 5. JS2 | P48: 0. INTRO | Q48: 29.AGC2 | R48: 34. PE1 | S48: 20. DVP | T48: 30. AGC1 | U48: 10. CSS | V48: 25. JS1 | W48: 1. JS2 | X48: 20. JS1 | Y48: 29.AGC1 | Z48: 14.SP1 | AA48: 20.JS1 | AB48: 10.HTML | AC48: 10.HTML | AD48: 5.DES | AE48: 1.DES | AF48: 0.INTRO
B49: =B48+7 -> 45740 | C49: Week 13 | G49: 36. PE2 | H49: 31. PE2 | I49: 26. JSF | J49: 21. DVP | K49: 15. SP2 | L49: 10. WFL | N49: 5. JS2 | P49: 1. CSS | Q49: 30.AGC2 | R49: 35. PE1 | S49: 21. DVP | T49: 30. AGC1 | U49: 11. CSS | V49: 26. JS1 | W49: 2. JS2 | X49: 21. JS1 | Y49: 30.AGC1 | Z49: 15.SP1 | AA49: 21.JS1 | AB49: 10.HTML | AC49: 11.HTML | AD49: 5.DES | AE49: 2.DES | AF49: 1.DES
B50: =B49+7 -> 45747 | C50: Week 14 | G50: 36. PE2 | H50: 31. PE2 | I50: 26. JSF | J50: 22. DVP | K50: 15. SP2 | L50: 11. WFL | N50: 6. JS2 | P50: 1. CSS | Q50: 31. AGC2 | R50: 35. PE1 | S50: 22. JSF | T50: 31. AGC1 | U50: 12. CSS | V50: 26. JS1 | W50: 3. JS2 | X50: 21. JS1 | Y50: 31.AGC1 | Z50: 15.SP1 | AA50: 22.JS1 | AB50: 11.HTML | AC50: 12.PME | AD50: 6.HTML | AE50: 3.DES | AF50: 1.DES
B51: =B50+7 -> 45754 | C51: Week 15 | G51: 37. PE2 | H51: 32. PE2 | I51: 27. JSF | J51: 22. DVP | K51: 16. SP2 | L51: 11. WFL | N51: 6. JS2 | P51: 2. CSS | Q51: 32. PE2 | R51: 36. PE1 | S51: 23. JSF | T51: 31. AGC1 | U51: 13. SP2 | V51: 27. AGC1 | W51: 4. JS2 | X51: 22. JS1 | Y51: 32.PE1 | Z51: 16.SP1 | AA51: 23.JS1 | AB51: 11.HTML | AC51: 13.PME | AD51: 6.HTML | AE51: 4.DES | AF51: 2.DES
A52: Easter | B52: 45761 | C52: Week 16
B53: 45768 | C53: Week 17 | G53: 37. PE2 | H53: 32. PE2 | I53: 27. JSF | J53: 23. DVP | K53: 16. SP2 | L53: 12. WFL | N53: 7. JS2 | P53: 2. CSS | Q53: 33. PE2 | R53: 36. PE1 | S53: 24. JSF | T53: 32. AGC1 | U53: 14. SP2 | V53: 27. AGC1 | W53: 5. JS2 | X53: 22. JS1 | Y53: 33.PE1 | Z53: 16.SP1 | AA53: 24.JS1 | AB53: 12.PME | AC53: 14.SP1 | AD53: 7.HTML | AE53: 5.DES | AF53: 2.DES
B54: 45775 | C54: Week 18 | G54: 38. POR2 | H54: 33. PE2 | I54: 28. JSF | J54: 23. DVP | K54: 17. SP2 | L54: 12. WFL | N54: 7. JS2 | P54: 3. JS2 | Q54: 34. PE2 | R54: 37. PE1 | S54: 25. JSF | T54: 32. AGC1 | U54: 15. SP2 | V54: 28. AGC1 | W54: 6. JS2 | X54: 23. JS1 | Y54: 34.PE1 | Z54: 17.SP1 | AA54: 25.JS1 | AB54: 12.PME | AC54: 15.SP1 | AD54: 7.HTML | AE54: 6.HTML | AF54: 3.DES
B55: 45782 | C55: Week 19 | G55: 38. POR2 | H55: 33. PE2 | I55: 28. JSF | J55: 24. DVP | K55: 17. SP2 | L55: 13. SP2 | N55: 8. JS2 | P55: 3. JS2 | Q55: 35. PE2 | R55: 37. PE1 | S55: 26. JSF | T55: 33. PE1 | U55: 16. SP2 | V55: 28. AGC1 | W55: 7. WFL | X55: 23. JS1 | Y55: 35.PE1 | Z55: 17.SP1 | AA55: 26.AGC1 | AB55: 13.PME | AC55: 16.SP1 | AD55: 8.HTML | AE55: 7.HTML | AF55: 3.DES
B56: 45789 | C56: Week 20 | G56: 39. POR2 | H56: 34. PE2 | I56: 29. JSF | J56: 24. DVP | K56: 18. IND | L56: 13. SP2 | N56: 8. JS2 | P56: 4. JS2 | Q56: 36. PE2 | R56: 38. POR1 | S56: 27. JSF | T56: 33. PE1 | U56: 17. SP2 | V56: 29. AGC1 | W56: 8. WFL | X56: 24. JS1 | Y56: 36.PE1 | Z56: 18.JS1 | AA56: 27.AGC1 | AB56: 13.PME | AC56: 17.SP1 | AD56: 8.HTML | AE56: 8.HTML | AF56: 4.DES
B57: 45796 | C57: Week 21 | G57: 39. POR2 | H57: 34. PE2 | I57: 29. JSF | J57: 25. JSF | K57: 18. IND | L57: 14. SP2 | N57: 9. WFL | P57: 4. JS2 | Q57: 37. PE2 | R57: 38. POR1 | S57: 28. AGC2 | T57: 34. PE1 | U57: 18. DVP | V57: 29. AGC1 | W57: 9. WFL | X57: 24. JS1 | Y57: 37.PE1 | Z57: 18.JS1 | AA57: 28.AGC1 | AB57: 14.SP1 | AC57: 18.JS1 | AD57: 9.HTML | AE57: 9.HTML | AF57: 4.DES
B58: 45803 | C58: Week 22 | H58: 35. PE2 | I58: 30. JSF | J58: 25. JSF | K58: 19. IND | L58: 14. SP2 | N58: 9. WFL | P58: 5. JS2 | Q58: 38. POR2 | R58: 39. POR1 | S58: 29. AGC2 | T58: 34. PE1 | U58: 19. DVP | V58: 30. AGC1 | W58: 10. CSS | X58: 25. JS1 | Y58: 38.POR1 | Z58: 19.JS1 | AA58: 29.AGC1 | AB58: 14.SP1 | AC58: 19.JS1 | AD58: 9.HTML | AE58: 10.HTML | AF58: 5.DES
B59: 45810 | C59: Week 23 | H59: 35. PE2 | I59: 30. JSF | J59: 26. JSF | K59: 19. IND | L59: 15. SP2 | N59: 10. WFL | P59: 5. JS2 | Q59: 39. POR2 | R59: 39. POR1 | S59: 30. AGC2 | T59: 33. PE1 | U59: 20. DVP | V59: 30. AGC1 | W59: 11. CSS | X59: 25. JS1 | Y59: 39.POR1 | Z59: 19.JS1 | AA59: 30.AGC1 | AB59: 15.SP1 | AC59: 20.JS1 | AD59: 10.HTML | AE59: 11.HTML | AF59: 5.DES
A60: Summer break | B60: 45817 | C60: Week 24 | V60: 31. AGC1 | W60: 12. CSS
B61: 45824 | C61: Week 25
B62: 45831 | C62: Week 26
B63: 45838 | C63: Week 27
B64: 45845 | C64: Week 28
B65: 45852 | C65: Week 29
B66: 45859 | C66: Week 30
B67: 45866 | C67: Week 31
B68: 45873 | C68: Week 32
A69: August Start | B69: =B68+7 -> 45880 | C69: Week 33 | H69: 36. PE2 | I69: 31. PE2 | J69: 26. JSF | K69: 20. IND | L69: 15. SP2 | N69: 10. WFL | P69: 6. JS2 | R69: 0.INTRO | S69: 31. AGC2 | T69: 35. PE1 | U69: 21. DVP | V69: 31. AGC1 | W69: 13. SP2 | X69: 26. AGC1 | Y69: 0. INTRO | Z69: 20.JS1 | AA69: 31.AGC1 | AB69: 15.SP1 | AC69: 21.JS1 | AD69: 10.HTML | AE69: 12.PME | AF69: 6.HTML | AG69: 0.INTRO | AH69: 0.INTRO
B70: =B69+7 -> 45887 | C70: Week 34 | H70: 36. PE2 | I70: 31. PE2 | J70: 27. JSF | K70: 20. IND | L70: 16. SP2 | N70: 11. WFL | P70: 6. JS2 | R70: 0.INTRO | S70: 32. PE2 | T70: 36. PE1 | U70: 22. JSF | V70: 32. AGC1 | W70: 14. SP2 | X70: 26. AGC1 | Y70: 1. JS2 | Z70: 20.JS1 | AA70: 32.PE1 | AB70: 16.SP1 | AC70: 22.JS1 | AD70: 11.HTML | AE70: 13.PME | AF70: 6.HTML | AG70: 1.DES | AH70: 0.INTRO
B71: =B70+7 -> 45894 | C71: Week 35 | H71: 37. PE2 | I71: 32. PE2 | J71: 27. JSF | K71: 21. DVP | L71: 16. SP2 | N71: 11. WFL | P71: 7. JS2 | R71: 1.JS2 | S71: 33. PE2 | T71: 36. PE1 | U71: 23. JSF | V71: 32. AGC1 | W71: 15. SP2 | X71: 27. AGC1 | Y71: 2. JS2 | Z71: 21.JS1 | AA71: 33.PE1 | AB71: 16.SP1 | AC71: 23.JS1 | AD71: 11.HTML | AE71: 14.SP1 | AF71: 7.HTML | AG71: 2.DES | AH71: 1.DES
B72: =B71+7 -> 45901 | C72: Week 36 | H72: 37. PE2 | I72: 32. PE2 | J72: 28. JSF | K72: 21. DVP | L72: 17. SP2 | N72: 12. WFL | P72: 7. JS2 | R72: 1.JS2 | S72: 34. PE2 | T72: 37. PE1 | U72: 24. JSF | V72: 33. PE1 | W72: 16. SP2 | X72: 27. AGC1 | Y72: 3. JS2 | Z72: 21.JS1 | AA72: 34.PE1 | AB72: 17.SP1 | AC72: 24.JS1 | AD72: 12.PME | AE72: 15.SP1 | AF72: 7.HTML | AG72: 3.DES | AH72: 1.DES
B73: =B72+7 -> 45908 | C73: Week 37 | H73: 38. POR2 | I73: 33. PE2 | J73: 28. JSF | K73: 22. DVP | L73: 17. SP2 | N73: 12. WFL | P73: 8. JS2 | R73: 2.JS2 | S73: 35. PE2 | T73: 37. PE1 | U73: 25. JSF | V73: 33. PE1 | W73: 17. SP2 | X73: 28. AGC1 | Y73: 4. JS2 | Z73: 22.JS1 | AA73: 35.PE1 | AB73: 17.SP1 | AC73: 25.JS1 | AD73: 12.PME | AE73: 16.SP1 | AF73: 8.HTML | AG73: 4.DES | AH73: 2.DES
B74: =B73+7 -> 45915 | C74: Week 38 | H74: 38. POR2 | I74: 33. PE2 | J74: 29. JSF | K74: 22. DVP | L74: 18. IND | N74: 13. SP2 | P74: 8. JS2 | R74: 2.JS2 | S74: 36. PE2 | T74: 39. POR1 | U74: 26. JSF | V74: 34. PE1 | W74: 18. DVP | X74: 28. AGC1 | Y74: 5. JS2 | Z74: 22.JS1 | AA74: 36.PE1 | AB74: 18.JS1 | AC74: 26.AGC1 | AD74: 13.PME | AE74: 17.SP1 | AF74: 8.HTML | AG74: 5.DES | AH74: 2.DES
B75: =B74+7 -> 45922 | C75: Week 39 | H75: 39. POR2 | I75: 34. PE2 | J75: 29. JSF | K75: 23. DVP | L75: 18. IND | N75: 13. SP2 | P75: 9. WFL | R75: 3.JS2 | S75: 37. PE2 | T75: 39. POR1 | U75: 27. JSF | V75: 34. PE1 | W75: 19. DVP | X75: 29. AGC1 | Y75: 6. JS2 | Z75: 23.JS1 | AA75: 37.PE1 | AB75: 18.JS1 | AC75: 27.AGC1 | AD75: 13.PME | AE75: 18.JS1 | AF75: 9.HTML | AG75: 6.HTML | AH75: 3.DES
B76: =B75+7 -> 45929 | C76: Week 40 | H76: 39. POR2 | I76: 34. PE2 | J76: 30. JSF | K76: 23. DVP | L76: 19. IND | N76: 14. SP2 | P76: 9. WFL | R76: 3.JS2 | S76: 38. POR2 | T76: 40. PORT1 | U76: 28. AGC2 | V76: 35. PE1 | W76: 20. DVP | X76: 29. AGC1 | Y76: 7. WFL | Z76: 23.JS1 | AA76: 38.POR1 | AB76: 19.JS1 | AC76: 28.AGC1 | AD76: 14.SP1 | AE76: 19.JS1 | AF76: 9.HTML | AG76: 7.HTML | AH76: 3.DES
B77: =B76+7 -> 45936 | C77: Week 41 | I77: 35. PE2 | J77: 30. JSF | K77: 24. DVP | L77: 19. IND | N77: 14. SP2 | P77: 10. WFL | R77: 4.JS2 | S77: 39. POR2 | T77: 40. PORT1 | U77: 29. AGC2 | V77: 35. PE1 | W77: 21. DVP | X77: 30. AGC1 | Y77: 8. WFL | Z77: 24.JS1 | AA77: 39.POR1 | AB77: 19.JS1 | AC77: 29.AGC1 | AD77: 14.SP1 | AE77: 20.JS1 | AF77: 10.HTML | AG77: 8.HTML | AH77: 4.DES
A78: October Start | B78: =B77+7 -> 45943 | C78: Week 42 | I78: 35. PE2 | J78: 31. PE2 | K78: 24. DVP | L78: 20. IND | N78: 15. SP2 | P78: 10. WFL | R78: 4.JS2 | T78: 0.INTRO | U78: 30. AGC2 | V78: 36. PE1 | W78: 22. JSF | X78: 30. AGC1 | Y78: 9. WFL | Z78: 24.JS1 | AA78: 0.INTRO | AB78: 20.JS1 | AC78: 30.AGC1 | AD78: 15.SP1 | AE78: 21.JS1 | AF78: 10.HTML | AG78: 9.HTML | AH78: 4.DES | AI78: 0.INTRO | AJ78: 0.INTRO
B79: =B78+7 -> 45950 | C79: Week 43 | I79: 36. PE2 | J79: 31. PE2 | K79: 25. JSF | L79: 20. IND | N79: 15. SP2 | P79: 11. WFL | R79: 5.JS2 | T79: 0.INTRO | U79: 30. AGC2 | V79: 36. PE1 | W79: 23. JSF | X79: 31. AGC1 | Y79: 10. CSS | Z79: 24.JS1 | AA79: 1.JS2 | AB79: 20.JS1 | AC79: 31.AGC1 | AD79: 15.SP1 | AE79: 22.JS1 | AF79: 11.HTML | AG79: 10.HTML | AH79: 5.DES | AI79: 1.DES | AJ79: 0.INTRO
B80: =B79+7 -> 45957 | C80: Week 44 | I80: 36. PE2 | J80: 32. PE2 | K80: 25. JSF | L80: 21. DVP | N80: 16. SP2 | P80: 11. WFL | R80: 5.JS2 | T80: 1.JS2 | U80: 32. PE2 | V80: 37. PE1 | W80: 24. JSF | X80: 31. AGC1 | Y80: 11. CSS | Z80: 25.JS1 | AA80: 2.JS2 | AB80: 21.JS1 | AC80: 32.PE1 | AD80: 16.SP1 | AE80: 23.JS1 | AF80: 11.HTML | AG80: 11.HTML | AH80: 5.DES | AI80: 2.DES | AJ80: 1.DES
B81: =B80+7 -> 45964 | C81: Week 45 | I81: 37. PE2 | J81: 32. PE2 | K81: 26. JSF | L81: 21. DVP | N81: 16. SP2 | P81: 12. WFL | R81: 6.JS2 | T81: 1.JS2 | U81: 33. PE2 | V81: 37. PE1 | W81: 25. JSF | X81: 32. PE1 | Y81: 12. CSS | Z81: 26.AGC1 | AA81: 3.JS2 | AB81: 21.JS1 | AC81: 33.PE1 | AD81: 16.SP1 | AE81: 24.JS1 | AF81: 12.PME | AG81: 12.PME | AH81: 6.HTML | AI81: 3.DES | AJ81: 1.DES
B82: =B81+7 -> 45971 | C82: Week 46 | I82: 37. PE2 | J82: 33. PE2 | K82: 26. JSF | L82: 22. DVP | N82: 17. SP2 | P82: 12. WFL | R82: 6.JS2 | T82: 2.JS2 | U82: 34. PE2 | V82: 38. POR1 | W82: 26. JSF | X82: 32. PE1 | Y82: 13. SP2 | Z82: 26.AGC1 | AA82: 4.JS2 | AB82: 22.JS1 | AC82: 34.PE1 | AD82: 17.SP1 | AE82: 25.JS1 | AF82: 12.PME | AG82: 13.PME | AH82: 6.HTML | AI82: 4.DES | AJ82: 2.DES
B83: =B82+7 -> 45978 | C83: Week 47 | I83: 38. POR2 | J83: 33. PE2 | K83: 27. JSF | L83: 22. DVP | N83: 17. SP2 | P83: 13. SP2 | R83: 7.WFL | T83: 2.JS2 | U83: 35. PE2 | V83: 38. POR1 | W83: 27. JSF | X83: 33. PE1 | Y83: 14. SP2 | Z83: 27.AGC1 | AA83: 5.JS2 | AB83: 22.JS1 | AC83: 35.PE1 | AD83: 17.SP1 | AE83: 26.AGC1 | AF83: 13.PME | AG83: 14.SP1 | AH83: 7.HTML | AI83: 5.DES | AJ83: 2.DES
B84: =B83+7 -> 45985 | C84: Week 48 | I84: 38. POR2 | J84: 34. PE2 | K84: 27. JSF | L84: 23. DVP | N84: 18. IND | P84: 13. SP2 | R84: 7.WFL | T84: 3.JS2 | U84: 36. PE2 | V84: 39. POR1 | W84: 28. AGC2 | X84: 33. PE1 | Y84: 15. SP2 | Z84: 27.AGC1 | AA84: 6.JS2 | AB84: 23.JS1 | AC84: 36.PE1 | AD84: 18.JS1 | AE84: 27.AGC1 | AF84: 13.PME | AG84: 15.SP1 | AH84: 7.HTML | AI84: 6.HTML | AJ84: 3.DES
B85: =B84+7 -> 45992 | C85: Week 49 | I85: 39. POR2 | J85: 34. PE2 | K85: 28. JSF | L85: 23. DVP | N85: 18. IND | P85: 14. SP2 | R85: 8.WFL | T85: 3.JS2 | U85: 37. PE2 | V85: 39. POR1 | W85: 29. AGC2 | X85: 34. PE1 | Y85: 16. SP2 | Z85: 28.AGC1 | AA85: 7.WFL | AB85: 23.JS1 | AC85: 37.PE1 | AD85: 18.JS1 | AE85: 28.AGC1 | AF85: 14.SP1 | AG85: 16.SP1 | AH85: 8.HTML | AI85: 7.HTML | AJ85: 3.DES
B86: =B85+7 -> 45999 | C86: Week 50 | I86: 39. POR2 | J86: 35. PE2 | K86: 28. JSF | L86: 24. DVP | N86: 19. IND | P86: 14. SP2 | R86: 8.WFL | T86: 4.JS2 | U86: 38. POR2 | W86: 30. AGC2 | X86: 34. PE1 | Y86: 17. SP2 | Z86: 28.AGC1 | AA86: 8.WFL | AB86: 24.JS1 | AC86: 38.POR1 | AD86: 19.JS1 | AE86: 29.AGC1 | AF86: 14.SP1 | AG86: 17.SP1 | AH86: 8.HTML | AI86: 8.HTML | AJ86: 4.DES
B87: =B86+7 -> 46006 | C87: Week 51 | J87: 35. PE2 | K87: 29. JSF | L87: 24. DVP | N87: 19. IND | P87: 15. SP2 | R87: 9.WFL | T87: 4.JS2 | U87: 39. POR2 | W87: 31. AGC2 | X87: 35. PE1 | Y87: 18. DVP | Z87: 29.AGC1 | AA87: 9.WFL | AB87: 24.JS1 | AC87: 39.POR1 | AD87: 19.JS1 | AE87: 30.AGC1 | AF87: 15.SP1 | AG87: 18.JS1 | AH87: 9.HTML | AI87: 9.HTML | AJ87: 4.DES
A88: Christmas Break | B88: =B87+7 -> 46013 | C88: Week 52
B89: =B88+7 -> 46020 | C89: Week 1
A90: January Start | B90: =B89+7 -> 46027 | C90: Week 2 | J90: 36. PE2 | K90: 29. JSF | L90: 25. JSF | N90: 20. IND | P90: 15. SP2 | R90: 9.WFL | T90: 5.JS2 | V90: 0. INTRO | W90: 32. PE2 | X90: 35. PE1 | Y90: 19. DVP | Z90: 29.AGC1 | AA90: 10. CSS | AB90: 25.JS1 | AC90: 0. INTRO | AD90: 20.JS1 | AE90: 31.AGC1 | AF90: 15.SP1 | AG90: 19.JS1 | AH90: 9.HTML | AI90: 10.HTML | AJ90: 5.DES | AK90: 0.INTRO | AL90: 0.INTRO
B91: =B90+7 -> 46034 | C91: Week 3 | J91: 36. PE2 | K91: 30. JSF | L91: 25. JSF | N91: 20. IND | P91: 16. SP2 | R91: 10.CSS | T91: 5.JS2 | V91: 0. INTRO | W91: 33. PE2 | X91: 36. PE1 | Y91: 20. DVP | Z91: 30.AGC1 | AA91: 11. CSS | AB91: 25.JS1 | AC91: 1. JS2 | AD91: 20.JS1 | AE91: 32.PE1 | AF91: 16.SP1 | AG91: 20.JS1 | AH91: 10.HTML | AI91: 11.HTML | AJ91: 5.DES | AK91: 1.DES | AL91: 0.INTRO
B92: =B91+7 -> 46041 | C92: Week 4 | J92: 37. PE2 | K92: 30. JSF | L92: 26. JSF | N92: 21. DVP | P92: 16. SP2 | R92: 10.CSS | T92: 6.JS2 | V92: 1. JS2 | W92: 34. PE2 | X92: 36. PE1 | Y92: 21. DVP | Z92: 30.AGC1 | AA92: 12. CSS | AB92: 26.JS1 | AC92: 2. JS2 | AD92: 21.JS1 | AE92: 33.PE1 | AF92: 16.SP1 | AG92: 21.JS1 | AH92: 10.HTML | AI92: 12.PME | AJ92: 6.HTML | AK92: 2.DES | AL92: 1.DES
B93: =B92+7 -> 46048 | C93: Week 5 | J93: 37. PE2 | K93: 31. PE2 | L93: 26. JSF | N93: 21.DVP | P93: 17. SP2 | R93: 11.CSS | T93: 6.JS2 | V93: 1. JS2 | W93: 35. PE2 | X93: 37. PE1 | Y93: 22. JSF | Z93: 31.AGC1 | AA93: 13. SP2 | AB93: 26.AGC1 | AC93: 3. JS2 | AD93: 21.JS1 | AE93: 34.PE1 | AF93: 17.SP1 | AG93: 22.JS1 | AH93: 11.HTML | AI93: 13.PME | AJ93: 6.HTML | AK93: 3.DES | AL93: 1.DES
B94: =B93+7 -> 46055 | C94: Week 6 | J94: 38. POR2 | K94: 31. PE2 | L94: 27. JSF | N94: 22. DVP | P94: 17. SP2 | R94: 11.CSS | T94: 7.WFL | V94: 2. JS2 | W94: 36. PE2 | X94: 37. PE1 | Y94: 23. JSF | Z94: 31.AGC1 | AA94: 14. SP2 | AB94: 27.AGC1 | AC94: 4. JS2 | AD94: 22.JS1 | AE94: 35.PE1 | AF94: 17.SP1 | AG94: 23.JS1 | AH94: 11.HTML | AI94: 14.SP1 | AJ94: 7.HTML | AK94: 4.DES | AL94: 2.DES
B95: =B94+7 -> 46062 | C95: Week 7 | J95: 38. POR2 | K95: 32. PE2 | L95: 27. JSF | N95: 22. DVP | P95: 18. IND | R95: 12.CSS | T95: 7.WFL | V95: 2. JS2 | W95: 37. PE2 | X95: 38. POR1 | Y95: 24. JSF | Z95: 32.PE1 | AA95: 15. SP2 | AB95: 27.AGC1 | AC95: 5. JS2 | AD95: 22.JS1 | AE95: 36.PE1 | AF95: 18.JS1 | AG95: 24.JS1 | AH95: 12.PME | AI95: 15.SP1 | AJ95: 7.HTML | AK95: 5.DES | AL95: 2.DES
B96: =B95+7 -> 46069 | C96: Week 8 | J96: 39. POR2 | K96: 32. PE2 | L96: 28. JSF | N96: 23. DVP | P96: 18. IND | R96: 12.CSS | T96: 8.WFL | V96: 3. JS2 | W96: 38. POR2 | X96: 38. POR1 | Y96: 25. JSF | Z96: 32.PE1 | AA96: 16. SP2 | AB96: 28.AGC1 | AC96: 6. JS2 | AD96: 23.JS1 | AE96: 37.PE1 | AF96: 18.JS1 | AG96: 25.JS1 | AH96: 12.PME | AI96: 16.SP1 | AJ96: 8.HTML | AK96: 6.HTML | AL96: 3.DES
B97: =B96+7 -> 46076 | C97: Week 9 | J97: 39. POR2 | K97: 33. PE2 | L97: 28. JSF | N97: 23. DVP | P97: 19. IND | R97: 13.SP2 | T97: 8.WFL | V97: 3. JS2 | W97: 39. POR2 | X97: 39. POR1 | Y97: 26. JSF | Z97: 33.PE1 | AA97: 17. SP2 | AB97: 28.AGC1 | AC97: 7. WFL | AD97: 23.JS1 | AE97: 38.POR1 | AF97: 19.JS1 | AG97: 26.AGC1 | AH97: 13.PME | AI97: 17.SP1 | AJ97: 8.HTML | AK97: 7.HTML | AL97: 3.DES
B98: =B97+7 -> 46083 | C98: Week 10 | K98: 33. PE2 | L98: 29. JSF | N98: 24. DVP | P98: 19. IND | R98: 13.SP2 | T98: 9.WFL | V98: 4. JS2 | X98: 39. POR1 | Y98: 27. JSF | Z98: 33.PE1 | AA98: 18. DVP | AB98: 29.AGC1 | AC98: 8. WFL | AD98: 24.JS1 | AE98: 39.POR1 | AF98: 19.JS1 | AG98: 27.AGC1 | AH98: 13.PME | AI98: 18.JS1 | AJ98: 9.HTML | AK98: 8.HTML | AL98: 4.DES
A99: March Start | B99: =B98+7 -> 46090 | C99: Week 11 | K99: 34. PE2 | L99: 29. JSF | N99: 24. DVP | P99: 20. IND | R99: 14.SP2 | T99: 9.WFL | V99: 4. JS2 | X99: 0. INTRO | Y99: 28. AGC2 | Z99: 34.PE1 | AA99: 19. DVP | AB99: 29.AGC1 | AC99: 9. WFL | AD99: 24.JS1 | AE99: 0. INTRO | AF99: 20.JS1 | AG99: 28.AGC1 | AH99: 14.SP1 | AI99: 19.JS1 | AJ99: 9.HTML | AK99: 9.HTML | AL99: 4.DES | AM99: 0.INTRO | AN99: 0.INTRO
B100: =B99+7 -> 46097 | C100: Week 12 | K100: 34. PE2 | L100: 30. JSF | N100: 25. JSF | P100: 20. IND | R100: 14.SP2 | T100: 10.CSS | V100: 5. JS2 | X100: 0. INTRO | Y100: 29. AGC2 | Z100: 34.PE1 | AA100: 20. DVP | AB100: 30.AGC1 | AC100: 10. CSS | AD100: 25.JS1 | AE100: 1. JS2 | AF100: 20.JS1 | AG100: 29.AGC1 | AH100: 14.SP1 | AI100: 20.JS1 | AJ100: 10.HTML | AK100: 10.HTML | AL100: 5.DES | AM100: 1.DES | AN100: 0.INTRO
...

Sheet Sheet2
C6: ='AUG2022 FED'!C15 -> Link To Moodle Year 2 | D6: ='AUG2022 FED'!#REF! -> #REF! | E6: ='AUG2022 FED'!K15 -> AUG24PT | F6: ='AUG2022 FED'!#REF! -> #REF! | G6: ='AUG2022 FED'!#REF! -> #REF! | H6: ='AUG2022 FED'!#REF! -> #REF! | I6: ='AUG2022 FED'!#REF! -> #REF! | J6: ='AUG2022 FED'!#REF! -> #REF! | K6: ='AUG2022 FED'!#REF! -> #REF! | L6: ='AUG2022 FED'!#REF! -> #REF! | M6: ='AUG2022 FED'!#REF! -> #REF! | ... S6: ='AUG2022 FED'!#REF! -> #REF!
A7: =A8-7 -> 45327 | C7: {=_xlfn.XLOOKUP(A7,weeks,'AUG2022 FED'!C15:R99)} -> #VALUE!
A8: 45334 | C8: {=_xlfn.XLOOKUP(A8,weeks,'AUG2022 FED'!C15:R99)} -> #VALUE!
A9: =A8+7 -> 45341 | C9: {=_xlfn.XLOOKUP(A9,weeks,'AUG2022 FED'!C15:R99)} -> #VALUE!
B26: AUG23FT
B27: AUG23PT
B28: OCT23FT
B29: OCT23PT
B30: JAN24FT
B31: JAN24PT
B32: MAR24FT
B33: MAR24PT
B34: AUG24FT
B35: AUG24PT
B36: OCT24FT
B37: OCT24PT

Sheet Templates
A1: Full Time | G1: Part Time
A2: FED1 | B2: FED 2
A3: 0.INTRO | B3: 0. INTRO
A4: 1.DES | B4: 1. JS2
A5: 2.DES | B5: 2. JS2
A6: 3.DES | B6: 3. JS2
A7: 4.DES | B7: 4. JS2
A8: 5.DES | B8: 5. JS2
A9: 6.HTML | B9: 6. JS2
A10: 7.HTML | B10: 7. WFL
A11: 8.HTML | B11: 8. WFL
A12: 9.HTML | B12: 9. WFL
A13: 10.HTML | B13: 10. CSS
... A42: 39.POR1 | B42: 39. POR2
